Fecha_Registro,Nombre,Apellido,Email,Password,Fecha_Nacimiento,Direccion
2/20/2026, 10:13:01 AM,Ana,Martinez,qa_1771593181313@gmail.com,Pass_1771593181313^^,08/21/2007,Lakeview Dr, Los Angeles, California, 75064
2/20/2026, 10:34:46 AM,Diego,Martinez,qa_1771594486233@gmail.com,Pass_1771594486233!$,11/30/1992,Park Ave, Los Angeles, California, 58263
2/20/2026, 10:34:53 AM,Juan,Garcia,qa_1771594493149@gmail.com,Pass_1771594493149&_,04/10/1995,Main St, Chicago, Illinois, 63976
2/20/2026, 10:34:59 AM,Pedro,Rodriguez,qa_1771594499837@gmail.com,Pass_1771594499837%_,04/04/2005,Main St, Miami, Florida, 59126
2/20/2026, 10:37:09 AM,Carlos,Rodriguez,qa_1771594629281@gmail.com,Pass_1771594629281)&,01/12/1997,undefined
2/20/2026, 10:37:23 AM,Juan,Sanchez,qa_1771594643313@gmail.com,Pass_1771594643313!&,05/11/1982,undefined
2/20/2026, 10:45:19 AM,Pedro,Perez,qa_1771595119769@gmail.com,Pass_1771595119769#(,01/03/2001,undefined
2/20/2026, 10:45:35 AM,Ana,Hernandez,qa_1771595135373@gmail.com,Pass_1771595135373$!,04/18/1973,undefined
2/20/2026, 10:48:05 AM,Diego,Gonzalez,qa_1771595285396@gmail.com,Pass_1771595285396^+,11/03/1989,undefined
2/20/2026, 10:54:20 AM,Luis,Fernandez,qa_1771595660974@gmail.com,Pass_1771595660974@),01/18/1976,undefined
2/20/2026, 10:56:02 AM,Maria,Hernandez,qa_1771595762771@gmail.com,Pass_1771595762771^),10/10/1988,undefined
2/20/2026, 12:09:17 PM,Lucia,Perez,qa_1771600157773@gmail.com,Pass_1771600157773*!,07/01/1992,undefined
2/20/2026, 12:24:58 PM,Elena,Perez,qa_1771601098094@gmail.com,Pass_1771601098094*@,01/22/2000,undefined
2/20/2026, 12:28:56 PM,Elena,Fernandez,qa_1771601336372@gmail.com,Pass_1771601336372$^,02/08/1970,undefined
2/20/2026, 12:30:39 PM,Luis,Fernandez,qa_1771601439293@gmail.com,Pass_1771601439293#@,05/14/2003,undefined
2/20/2026, 12:32:57 PM,Pedro,Perez,qa_1771601577285@gmail.com,Pass_1771601577285^),01/11/1983,undefined
2/20/2026, 12:33:29 PM,Lucia,Rodriguez,qa_1771601609691@gmail.com,Pass_1771601609691(@,09/08/1996,Main St, Los Angeles, California, 74211
2/20/2026, 12:33:36 PM,Elena,Ramirez,qa_1771601616416@gmail.com,Pass_1771601616416%),11/09/1997,Oak St, Miami, Florida, 82651
2/20/2026, 12:33:43 PM,Luis,Perez,qa_1771601623017@gmail.com,Pass_1771601623017(!,07/14/2001,Second St, Miami, Florida, 79335
2/20/2026, 12:33:55 PM,Ana,Hernandez,qa_1771601635369@gmail.com,Pass_1771601635369@*,04/24/1988,undefined
2/20/2026, 12:34:06 PM,Luis,Gonzalez,qa_1771601646077@gmail.com,Pass_1771601646077@),08/16/1981,undefined
2/20/2026, 12:47:33 PM,Elena,Ramirez,qa_1771602453758@gmail.com,Pass_1771602453758@@,02/02/1977,Broadway, Chicago, Illinois, 87738
2/20/2026, 12:47:40 PM,Lucia,Fernandez,qa_1771602460796@gmail.com,Pass_1771602460796++,05/02/1991,Lakeview Dr, Miami, Florida, 31000
2/20/2026, 12:47:47 PM,Maria,Perez,qa_1771602467779@gmail.com,Pass_1771602467779)+,01/13/2000,Washington St, Los Angeles, California, 41226
2/20/2026, 12:48:03 PM,Pedro,Garcia,qa_1771602483288@gmail.com,Pass_1771602483288&_,10/23/1981,undefined
2/20/2026, 12:48:15 PM,Carlos,Ramirez,qa_1771602495112@gmail.com,Pass_1771602495112_(,06/28/1979,undefined
2/20/2026, 1:04:30 PM,Maria,Martinez,qa_1771603470771@gmail.com,Pass_1771603470771+(,03/21/1973,Lakeview Dr, Los Angeles, California, 23912
2/20/2026, 1:04:31 PM,Lucia,Sanchez,qa_1771603471272@gmail.com,Pass_1771603471272(@,11/29/1998,Main St, Chicago, Illinois, 26156
2/20/2026, 1:04:31 PM,Sofia,Sanchez,qa_1771603471287@gmail.com,Pass_1771603471288*$,07/29/1986,Lakeview Dr, New York, New York, 16416
2/20/2026, 1:04:31 PM,Juan,Perez,qa_1771603471247@gmail.com,Pass_1771603471247#^,09/07/1975,undefined
2/20/2026, 1:04:44 PM,Sofia,Fernandez,qa_1771603484778@gmail.com,Pass_1771603484778*^,01/25/1972,undefined
2/20/2026, 1:04:57 PM,Sofia,Perez,qa_1771603497045@gmail.com,Pass_1771603497045_@,09/27/1985,Washington St, Los Angeles, California, 43437
2/20/2026, 1:05:04 PM,Luis,Hernandez,qa_1771603504725@gmail.com,Pass_1771603504725&#,05/18/1984,Oak St, Houston, Texas, 14071
2/20/2026, 1:05:07 PM,Diego,Sanchez,qa_1771603507361@gmail.com,Pass_1771603507361#+,10/26/1991,undefined
2/20/2026, 1:05:09 PM,Sofia,Gonzalez,qa_1771603509310@gmail.com,Pass_1771603509311#^,07/03/1993,Lakeview Dr, Houston, Texas, 85758
2/20/2026, 1:05:13 PM,Carlos,Gonzalez,qa_1771603513187@gmail.com,Pass_1771603513187!&,05/27/1987,undefined
2/20/2026, 1:05:36 PM,Sofia,Ramirez,qa_1771603536240@gmail.com,Pass_1771603536240**,01/15/1992,Lakeview Dr, Chicago, Illinois, 56926
2/20/2026, 1:05:45 PM,Sofia,Rodriguez,qa_1771603545909@gmail.com,Pass_1771603545909$!,09/14/1988,undefined
2/20/2026, 1:07:12 PM,Ana,Martinez,qa_1771603632933@gmail.com,Pass_1771603632933@*,03/28/1991,undefined
2/20/2026, 1:07:12 PM,Carlos,Fernandez,qa_1771603632964@gmail.com,Pass_1771603632965#%,08/14/1970,Washington St, Chicago, Illinois, 12240
2/20/2026, 1:07:12 PM,Juan,Rodriguez,qa_1771603632976@gmail.com,Pass_1771603632976(^,07/03/1995,Second St, Chicago, Illinois, 91993
2/20/2026, 1:07:12 PM,Ana,Perez,qa_1771603632963@gmail.com,Pass_1771603632963$$,11/02/2005,Lakeview Dr, Los Angeles, California, 73867
2/20/2026, 1:07:25 PM,Juan,Ramirez,qa_1771603645369@gmail.com,Pass_1771603645369)_,03/22/1980,undefined
2/20/2026, 1:07:36 PM,Luis,Gonzalez,qa_1771603656107@gmail.com,Pass_1771603656107%#,09/21/1992,Park Ave, Los Angeles, California, 39001
2/20/2026, 1:07:46 PM,Carlos,Martinez,qa_1771603666164@gmail.com,Pass_1771603666164^(,06/01/2006,undefined
2/20/2026, 1:07:46 PM,Pedro,Martinez,qa_1771603666951@gmail.com,Pass_1771603666951$!,06/09/2006,Main St, Los Angeles, California, 58890
2/20/2026, 1:07:50 PM,Juan,Perez,qa_1771603670061@gmail.com,Pass_1771603670061)@,08/10/2009,Second St, New York, New York, 85768
2/20/2026, 1:07:55 PM,Luis,Ramirez,qa_1771603675240@gmail.com,Pass_1771603675240*+,05/27/1993,undefined
2/20/2026, 1:09:31 PM,Lucia,Hernandez,qa_1771603771141@gmail.com,Pass_1771603771141^(,08/04/1996,Main St, Houston, Texas, 95585
2/20/2026, 1:09:31 PM,Lucia,Gonzalez,qa_1771603771145@gmail.com,Pass_1771603771145(@,09/15/1989,undefined
2/20/2026, 1:09:31 PM,Carlos,Perez,qa_1771603771174@gmail.com,Pass_1771603771174@@,04/11/1980,Main St, Miami, Florida, 24178
2/20/2026, 1:09:31 PM,Carlos,Gonzalez,qa_1771603771213@gmail.com,Pass_1771603771213)+,11/19/1977,Park Ave, Los Angeles, California, 68749
2/20/2026, 1:09:41 PM,Maria,Sanchez,qa_1771603781968@gmail.com,Pass_1771603781968#&,08/01/1971,undefined
2/20/2026, 1:09:53 PM,Lucia,Perez,qa_1771603793729@gmail.com,Pass_1771603793729_!,06/09/1997,Oak St, New York, New York, 61296
2/20/2026, 1:10:00 PM,Lucia,Martinez,qa_1771603800839@gmail.com,Pass_1771603800839(),01/16/1971,Washington St, Miami, Florida, 83478
2/20/2026, 1:10:03 PM,Juan,Fernandez,qa_1771603803422@gmail.com,Pass_1771603803422(+,03/08/1970,Broadway, Chicago, Illinois, 14399
2/20/2026, 1:10:04 PM,Pedro,Rodriguez,qa_1771603804354@gmail.com,Pass_1771603804354!$,08/08/2001,undefined
2/20/2026, 1:10:10 PM,Lucia,Fernandez,qa_1771603810170@gmail.com,Pass_1771603810170#!,09/23/2003,undefined
2/20/2026, 1:18:35 PM,Maria,Martinez,qa_1771604315964@gmail.com,Pass_1771604315964^+,06/21/1992,Park Ave, Chicago, Illinois, 13033
2/20/2026, 1:18:35 PM,Carlos,Rodriguez,qa_1771604315971@gmail.com,Pass_1771604315971&#,05/26/1974,undefined
2/20/2026, 1:18:35 PM,Diego,Fernandez,qa_1771604315992@gmail.com,Pass_1771604315992&),02/25/2009,Broadway, Houston, Texas, 98821
2/20/2026, 1:18:36 PM,Carlos,Fernandez,qa_1771604316013@gmail.com,Pass_1771604316013($,09/17/1991,Broadway, Chicago, Illinois, 90789
2/20/2026, 1:18:51 PM,Elena,Garcia,qa_1771604331320@gmail.com,Pass_1771604331320)#,04/12/2006,undefined
2/20/2026, 1:19:00 PM,Maria,Ramirez,qa_1771604340459@gmail.com,Pass_1771604340459($,06/26/1998,Oak St, Miami, Florida, 56392
2/20/2026, 1:19:10 PM,Sofia,Perez,qa_1771604350801@gmail.com,Pass_1771604350801#(,02/24/1995,undefined
2/20/2026, 1:19:13 PM,Diego,Perez,qa_1771604353431@gmail.com,Pass_1771604353431%&,06/14/2005,Park Ave, Chicago, Illinois, 45347
2/20/2026, 1:19:16 PM,Ana,Ramirez,qa_1771604356682@gmail.com,Pass_1771604356682_!,08/25/2003,Oak St, Los Angeles, California, 69491
2/20/2026, 1:19:20 PM,Juan,Fernandez,qa_1771604360349@gmail.com,Pass_1771604360349$&,11/10/1988,undefined
2/20/2026, 1:21:15 PM,Maria,Martinez,qa_1771604475918@gmail.com,Pass_1771604475919#$,09/12/1999,Broadway, Chicago, Illinois, 51021
2/20/2026, 1:21:15 PM,Sofia,Sanchez,qa_1771604475997@gmail.com,Pass_1771604475997$!,03/14/1973,Washington St, Miami, Florida, 96963
2/20/2026, 1:21:16 PM,Pedro,Fernandez,qa_1771604476259@gmail.com,Pass_1771604476259_%,07/06/2007,Lakeview Dr, Houston, Texas, 21405
2/20/2026, 1:21:16 PM,Pedro,Ramirez,qa_1771604476600@gmail.com,Pass_1771604476600!+,02/25/2004,undefined
2/20/2026, 1:21:27 PM,Lucia,Hernandez,qa_1771604487518@gmail.com,Pass_1771604487518!%,09/10/2003,undefined
2/20/2026, 1:21:45 PM,Elena,Rodriguez,qa_1771604505716@gmail.com,Pass_1771604505716#$,04/26/1996,Second St, Los Angeles, California, 56198
2/20/2026, 1:21:47 PM,Carlos,Lopez,qa_1771604507623@gmail.com,Pass_1771604507623!&,10/29/1994,Park Ave, Miami, Florida, 73439
2/20/2026, 1:21:56 PM,Elena,Fernandez,qa_1771604516691@gmail.com,Pass_1771604516691!#,03/20/1994,undefined
2/20/2026, 1:21:58 PM,Lucia,Lopez,qa_1771604518523@gmail.com,Pass_1771604518523&+,11/04/1989,Second St, Miami, Florida, 93436
2/20/2026, 1:22:07 PM,Juan,Fernandez,qa_1771604527948@gmail.com,Pass_1771604527948$@,03/19/1971,undefined
2/20/2026, 1:23:42 PM,Luis,Perez,qa_1771604622791@gmail.com,Pass_1771604622791##,11/19/2000,Oak St, Miami, Florida, 50984
2/20/2026, 1:23:42 PM,Maria,Garcia,qa_1771604622945@gmail.com,Pass_1771604622945#+,12/25/1975,Main St, New York, New York, 82504
2/20/2026, 1:23:43 PM,Carlos,Martinez,qa_1771604623101@gmail.com,Pass_1771604623101!$,05/12/1980,Broadway, Chicago, Illinois, 39316
2/20/2026, 1:23:43 PM,Maria,Perez,qa_1771604623145@gmail.com,Pass_1771604623145#^,03/16/1992,undefined
2/20/2026, 1:23:52 PM,Pedro,Martinez,qa_1771604632379@gmail.com,Pass_1771604632379+%,12/17/1976,undefined
2/20/2026, 1:24:04 PM,Elena,Gonzalez,qa_1771604644588@gmail.com,Pass_1771604644588%%,11/03/1986,Lakeview Dr, Miami, Florida, 50426
2/20/2026, 1:24:08 PM,Ana,Hernandez,qa_1771604648932@gmail.com,Pass_1771604648933(#,05/14/1984,Oak St, Miami, Florida, 96005
2/20/2026, 1:24:15 PM,Elena,Gonzalez,qa_1771604655349@gmail.com,Pass_1771604655349^&,02/25/2009,undefined
2/20/2026, 1:24:16 PM,Diego,Fernandez,qa_1771604656830@gmail.com,Pass_1771604656830$$,07/13/1990,Broadway, Chicago, Illinois, 91370
2/20/2026, 1:24:20 PM,Elena,Lopez,qa_1771604660054@gmail.com,Pass_1771604660054#),02/14/1991,undefined
2/20/2026, 1:24:43 PM,Luis,Perez,qa_1771604683846@gmail.com,Pass_1771604683847*^,09/17/2007,Main St, Miami, Florida, 48094
2/20/2026, 1:25:38 PM,Luis,Lopez,qa_1771604738600@gmail.com,Pass_1771604738600%!,03/23/1983,Washington St, Houston, Texas, 71795
2/20/2026, 1:25:38 PM,Lucia,Perez,qa_1771604738601@gmail.com,Pass_1771604738601$#,06/06/1995,Washington St, Houston, Texas, 80097
2/20/2026, 1:25:38 PM,Diego,Rodriguez,qa_1771604738678@gmail.com,Pass_1771604738679%*,04/01/1985,Oak St, Houston, Texas, 44863
2/20/2026, 1:25:38 PM,Carlos,Gonzalez,qa_1771604738694@gmail.com,Pass_1771604738694^*,02/06/2001,undefined
2/20/2026, 1:25:49 PM,Carlos,Ramirez,qa_1771604749868@gmail.com,Pass_1771604749868%_,01/06/2004,undefined
2/20/2026, 1:26:00 PM,Lucia,Sanchez,qa_1771604760532@gmail.com,Pass_1771604760532+$,01/04/1987,Lakeview Dr, Los Angeles, California, 51773
2/20/2026, 1:26:09 PM,Elena,Martinez,qa_1771604769092@gmail.com,Pass_1771604769092__,10/14/1993,Washington St, Chicago, Illinois, 85429
2/20/2026, 1:26:10 PM,Sofia,Fernandez,qa_1771604770198@gmail.com,Pass_1771604770198_&,03/09/1995,undefined
2/20/2026, 1:26:11 PM,Diego,Rodriguez,qa_1771604771827@gmail.com,Pass_1771604771827$_,12/25/1978,Washington St, New York, New York, 66952
2/20/2026, 1:26:15 PM,Elena,Ramirez,qa_1771604775037@gmail.com,Pass_1771604775037*^,05/14/1999,undefined
2/20/2026, 1:26:40 PM,Lucia,Lopez,qa_1771604800472@gmail.com,Pass_1771604800472%^,07/09/2001,Park Ave, Los Angeles, California, 27906
2/20/2026, 1:55:31 PM,Luis,Hernandez,qa_1771606531388@gmail.com,Pass_1771606531388_(,11/19/1973,Main St, Houston, Texas, 22907
2/20/2026, 1:55:31 PM,Luis,Rodriguez,qa_1771606531780@gmail.com,Pass_1771606531780!%,07/06/1979,Washington St, New York, New York, 73212
2/20/2026, 1:55:31 PM,Elena,Rodriguez,qa_1771606531806@gmail.com,Pass_1771606531806(*,06/03/1974,undefined
2/20/2026, 1:55:31 PM,Lucia,Ramirez,qa_1771606531809@gmail.com,Pass_1771606531809&),10/20/1984,Lakeview Dr, Miami, Florida, 94883
2/20/2026, 1:55:49 PM,Luis,Martinez,qa_1771606549082@gmail.com,Pass_1771606549082*@,04/12/2008,undefined
2/20/2026, 1:56:03 PM,Elena,Fernandez,qa_1771606563579@gmail.com,Pass_1771606563579!+,05/30/2005,Main St, Chicago, Illinois, 96086
2/20/2026, 1:56:13 PM,Lucia,Perez,qa_1771606573204@gmail.com,Pass_1771606573204^*,11/08/1982,undefined
2/20/2026, 1:56:13 PM,Ana,Ramirez,qa_1771606573428@gmail.com,Pass_1771606573428&),12/22/1974,Oak St, Houston, Texas, 49394
2/20/2026, 1:56:15 PM,Ana,Lopez,qa_1771606575465@gmail.com,Pass_1771606575465^$,05/08/2004,Washington St, Miami, Florida, 38262
2/20/2026, 1:56:20 PM,Luis,Garcia,qa_1771606580683@gmail.com,Pass_1771606580683#^,01/12/1987,undefined
2/21/2026, 8:52:56 AM,Luis,Martinez,qa_1771674776029@gmail.com,Pass_1771674776029*_,04/25/1991,Main St, Chicago, Illinois, 19284
2/21/2026, 9:04:16 AM,Ana,Lopez,qa_1771675456448@gmail.com,Pass_1771675456448_@,09/09/1998,Lakeview Dr, Houston, Texas, 25170
2/21/2026, 9:04:59 AM,Ana,Hernandez,qa_1771675499733@gmail.com,Pass_1771675499733+#,06/08/1994,Park Ave, Chicago, Illinois, 32188
2/21/2026, 9:17:37 AM,Sofia,Martinez,qa_1771676257597@gmail.com,Pass_1771676257597%+,05/01/1994,Main St, Los Angeles, California, 61372
2/21/2026, 9:22:26 AM,Luis,Rodriguez,qa_1771676546406@gmail.com,Pass_1771676546406@%,02/09/1996,Lakeview Dr, Chicago, Illinois, 92771
2/21/2026, 9:33:24 AM,Pedro,Martinez,qa_1771677204364@gmail.com,Pass_1771677204364)^,02/19/1993,undefined
2/21/2026, 9:34:36 AM,Diego,Martinez,qa_1771677276271@gmail.com,Pass_1771677276271!^,09/14/1988,undefined
2/21/2026, 9:43:50 AM,Pedro,Perez,qa_1771677830778@gmail.com,Pass_1771677830778+*,06/30/1979,Lakeview Dr
2/21/2026, 9:45:30 AM,Elena,Perez,qa_1771677930014@gmail.com,Pass_1771677930014!!,08/30/1991,Park Ave
2/21/2026, 9:46:43 AM,Luis,Garcia,qa_1771678003770@gmail.com,Pass_1771678003770&%,10/06/1985,Washington St
2/21/2026, 9:57:02 AM,Pedro,Gonzalez,qa_1771678622957@gmail.com,Pass_1771678622957##,10/09/1991,Main St
2/21/2026, 9:58:26 AM,Maria,Hernandez,qa_1771678706123@gmail.com,Pass_1771678706123!%,02/23/1986,Park Ave
2/21/2026, 9:59:48 AM,Sofia,Rodriguez,qa_1771678788064@gmail.com,Pass_1771678788064%),10/07/1981,Washington St
2/21/2026, 10:01:33 AM,Juan,Lopez,qa_1771678893445@gmail.com,Pass_1771678893445^#,05/20/1972,Washington St
2/21/2026, 10:04:56 AM,Ana,Sanchez,qa_1771679096631@gmail.com,Pass_1771679096631^#,11/23/2001,Oak St
2/21/2026, 10:05:46 AM,Luis,Perez,qa_1771679146433@gmail.com,Pass_1771679146433(!,07/23/1979,Washington St
2/21/2026, 10:06:32 AM,Sofia,Hernandez,qa_1771679192505@gmail.com,Pass_1771679192505&!,10/10/2006,Oak St
2/21/2026, 10:27:38 AM,Sofia,Sanchez,qa_1771680458509@gmail.com,Pass_1771680458510@_,06/12/2007,Second St
2/21/2026, 10:31:59 AM,Sofia,Perez,qa_1771680719638@gmail.com,Pass_1771680719638%%,11/18/1980,Park Ave
2/21/2026, 10:37:47 AM,Lucia,Sanchez,qa_1771681067095@gmail.com,Pass_1771681067095)),03/06/2003,Main St
2/21/2026, 10:40:32 AM,Luis,Gonzalez,qa_1771681232828@gmail.com,Pass_1771681232829(),06/11/1972,Broadway
2/21/2026, 10:42:44 AM,Ana,Ramirez,qa_1771681364773@gmail.com,Pass_1771681364773*@,10/05/2004,Second St
2/21/2026, 10:43:56 AM,Maria,Gonzalez,qa_1771681436259@gmail.com,Pass_1771681436259@^,03/27/1996,Main St
2/21/2026, 10:45:53 AM,Carlos,Ramirez,qa_1771681553812@gmail.com,Pass_1771681553813_^,10/27/1999,Broadway
2/21/2026, 10:48:08 AM,Juan,Hernandez,qa_1771681688375@gmail.com,Pass_1771681688375(),02/28/1992,Second St
2/21/2026, 10:49:43 AM,Ana,Sanchez,qa_1771681783081@gmail.com,Pass_1771681783081*+,11/30/1992,Lakeview Dr
2/21/2026, 10:50:44 AM,Ana,Garcia,qa_1771681844535@gmail.com,Pass_1771681844535&_,12/17/1991,Second St
2/21/2026, 10:55:45 AM,Diego,Gonzalez,qa_1771682145885@gmail.com,Pass_1771682145885@$,02/12/1978,Main St
2/21/2026, 11:01:07 AM,Carlos,Sanchez,qa_1771682467794@gmail.com,Pass_1771682467794&(,04/07/1983,Lakeview Dr
2/21/2026, 11:02:22 AM,Luis,Sanchez,qa_1771682542185@gmail.com,Pass_1771682542185%^,02/09/1970,Oak St
2/21/2026, 11:05:04 AM,Elena,Ramirez,qa_1771682704063@gmail.com,Pass_1771682704063$^,08/04/2006,Washington St
2/21/2026, 11:07:03 AM,Maria,Perez,qa_1771682823897@gmail.com,Pass_1771682823898&_,05/09/1994,Washington St
2/21/2026, 11:08:42 AM,Ana,Fernandez,qa_1771682922639@gmail.com,Pass_1771682922639&(,07/14/1989,Main St
2/21/2026, 11:09:30 AM,Maria,Gonzalez,qa_1771682970176@gmail.com,Pass_1771682970176_$,01/04/2000,Washington St
2/21/2026, 11:10:19 AM,Pedro,Ramirez,qa_1771683019478@gmail.com,Pass_1771683019478+#,07/25/1992,Main St
