2/16/2026, 7:53:43 PM, qa_1771282423646, Pass_1771282423647$(
2/16/2026, 7:55:30 PM, qa_1771282530469, Pass_1771282530469+%
2/16/2026, 7:55:50 PM, qa_1771282550749, Pass_1771282550749!%
2/16/2026, 7:56:21 PM, qa_1771282581882, Pass_1771282581882&^
2/16/2026, 7:58:20 PM, qa_1771282700856, Pass_1771282700856(@
2/16/2026, 7:59:17 PM, qa_1771282757388, Pass_1771282757388#)
2/16/2026, 7:59:34 PM, qa_1771282774569, Pass_1771282774569_$
2/16/2026, 8:00:00 PM, qa_1771282800880, Pass_1771282800880)&
2/16/2026, 8:00:16 PM, qa_1771282816185, Pass_1771282816185%%
2/16/2026, 8:00:42 PM, qa_1771282842343, Pass_1771282842343(*
2/16/2026, 8:01:41 PM, qa_1771282901391, Pass_1771282901391_+
2/16/2026, 8:01:43 PM, qa_1771282903105, Pass_1771282903105(_
2/16/2026, 8:02:36 PM, qa_1771282956017, Pass_1771282956017(+
2/16/2026, 8:04:09 PM, qa_1771283049725, Pass_1771283049725!#
2/16/2026, 8:04:09 PM, qa_1771283049795, Pass_1771283049795^&
2/16/2026, 8:04:09 PM, qa_1771283049866, Pass_1771283049866*#
2/16/2026, 8:06:30 PM, qa_1771283190243, Pass_1771283190243@@
2/16/2026, 8:06:32 PM, qa_1771283192268, Pass_1771283192268&$
